Workbook

Sheet Raw Data
A1: Date | B1: Campaign Name | C1: Channel | D1: Impressions | E1: Clicks | F1: Cost | G1: Leads | H1: Conversions | I1: Revenue
A2: 45968 | C2: Meta Ads | D2: 60000 | E2: 300 | F2: 17000 | G2: 146 | H2: 2 | I2: 200000

Sheet Lists
A1: Channels
A2: Google Ads
A3: Meta Ads
A4: LinkedIn
A5: Email
A6: Organic
A7: Referral
A8: Display
A10: Campaigns
A11: Brand Awareness
A12: Search - Q4
A13: Retargeting
A14: Newsletter

Sheet Overview
A1: Campaign Performance Dashboard
A3: Total Impressions | B3: Total Clicks | C3: Total Cost | D3: Total Leads
A4: =SUM('Raw Data'!D:D) -> 60000 | B4: =SUM('Raw Data'!E:E) -> 300 | C4: =SUM('Raw Data'!F:F) -> 17000 | D4: =SUM('Raw Data'!G:G) -> 146
A6: Total Conversions | B6: Total Revenue | C6: CTR | D6: CPC
A7: =SUM('Raw Data'!H:H) -> 2 | B7: =SUM('Raw Data'!I:I) -> 200000 | C7: =IF(SUM('Raw Data'!D:D)=0,0,SUM('Raw Data'!E:E)/SUM('Raw Data'!D:D)) -> 0.005 | D7: =IF(SUM('Raw Data'!E:E)=0,0,SUM('Raw Data'!F:F)/SUM('Raw Data'!E:E)) -> 56.666667
A9: CPL | B9: CPA | C9: ROI
A10: =IF(SUM('Raw Data'!G:G)=0,0,SUM('Raw Data'!F:F)/SUM('Raw Data'!G:G)) -> 116.43836 | B10: =IF(SUM('Raw Data'!H:H)=0,0,SUM('Raw Data'!F:F)/SUM('Raw Data'!H:H)) -> 8500 | C10: =IF(SUM('Raw Data'!F:F)=0,0,(SUM('Raw Data'!I:I)-SUM('Raw Data'!F:F))/SUM('Raw Data'!F:F)) -> 10.764706
A12: Notes: Fill 'Raw Data' sheet. Charts and tables below auto-update.

Sheet Trends
A1: Date | B1: Impressions | C1: Clicks | D1: Leads | E1: Cost | F1: Conversions | G1: Revenue | H1: Forecast Leads | I1: Forecast Cost
A2: 45947 | B2: =SUMIFS('Raw Data'!D:D,'Raw Data'!A:A,A2) -> 0 | C2: =SUMIFS('Raw Data'!E:E,'Raw Data'!A:A,A2) -> 0 | D2: =SUMIFS('Raw Data'!G:G,'Raw Data'!A:A,A2) -> 0 | E2: =SUMIFS('Raw Data'!F:F,'Raw Data'!A:A,A2) -> 0 | F2: =SUMIFS('Raw Data'!H:H,'Raw Data'!A:A,A2) -> 0 | G2: =SUMIFS('Raw Data'!I:I,'Raw Data'!A:A,A2) -> 0 | H2: =IF(COUNTA(A2:A15)<2,"",_xludf.FORECAST.LINEAR(A2,C2:C15,A2:A15)) -> #NAME? | I2: =IF(COUNTA(A2:A15)<2,"",_xludf.FORECAST.LINEAR(A2,D2:D15,A2:A15)) -> #NAME?
A3: 45948 | B3: =SUMIFS('Raw Data'!D:D,'Raw Data'!A:A,A3) -> 0 | C3: =SUMIFS('Raw Data'!E:E,'Raw Data'!A:A,A3) -> 0 | D3: =SUMIFS('Raw Data'!G:G,'Raw Data'!A:A,A3) -> 0 | E3: =SUMIFS('Raw Data'!F:F,'Raw Data'!A:A,A3) -> 0 | F3: =SUMIFS('Raw Data'!H:H,'Raw Data'!A:A,A3) -> 0 | G3: =SUMIFS('Raw Data'!I:I,'Raw Data'!A:A,A3) -> 0 | H3: =IF(COUNTA(A2:A15)<2,"",_xludf.FORECAST.LINEAR(A3,C2:C15,A2:A15)) -> #NAME? | I3: =IF(COUNTA(A2:A15)<2,"",_xludf.FORECAST.LINEAR(A3,D2:D15,A2:A15)) -> #NAME?
A4: 45949 | B4: =SUMIFS('Raw Data'!D:D,'Raw Data'!A:A,A4) -> 0 | C4: =SUMIFS('Raw Data'!E:E,'Raw Data'!A:A,A4) -> 0 | D4: =SUMIFS('Raw Data'!G:G,'Raw Data'!A:A,A4) -> 0 | E4: =SUMIFS('Raw Data'!F:F,'Raw Data'!A:A,A4) -> 0 | F4: =SUMIFS('Raw Data'!H:H,'Raw Data'!A:A,A4) -> 0 | G4: =SUMIFS('Raw Data'!I:I,'Raw Data'!A:A,A4) -> 0 | H4: =IF(COUNTA(A2:A15)<2,"",_xludf.FORECAST.LINEAR(A4,C2:C15,A2:A15)) -> #NAME? | I4: =IF(COUNTA(A2:A15)<2,"",_xludf.FORECAST.LINEAR(A4,D2:D15,A2:A15)) -> #NAME?
A5: 45950 | B5: =SUMIFS('Raw Data'!D:D,'Raw Data'!A:A,A5) -> 0 | C5: =SUMIFS('Raw Data'!E:E,'Raw Data'!A:A,A5) -> 0 | D5: =SUMIFS('Raw Data'!G:G,'Raw Data'!A:A,A5) -> 0 | E5: =SUMIFS('Raw Data'!F:F,'Raw Data'!A:A,A5) -> 0 | F5: =SUMIFS('Raw Data'!H:H,'Raw Data'!A:A,A5) -> 0 | G5: =SUMIFS('Raw Data'!I:I,'Raw Data'!A:A,A5) -> 0 | H5: =IF(COUNTA(A2:A15)<2,"",_xludf.FORECAST.LINEAR(A5,C2:C15,A2:A15)) -> #NAME? | I5: =IF(COUNTA(A2:A15)<2,"",_xludf.FORECAST.LINEAR(A5,D2:D15,A2:A15)) -> #NAME?
A6: 45951 | B6: =SUMIFS('Raw Data'!D:D,'Raw Data'!A:A,A6) -> 0 | C6: =SUMIFS('Raw Data'!E:E,'Raw Data'!A:A,A6) -> 0 | D6: =SUMIFS('Raw Data'!G:G,'Raw Data'!A:A,A6) -> 0 | E6: =SUMIFS('Raw Data'!F:F,'Raw Data'!A:A,A6) -> 0 | F6: =SUMIFS('Raw Data'!H:H,'Raw Data'!A:A,A6) -> 0 | G6: =SUMIFS('Raw Data'!I:I,'Raw Data'!A:A,A6) -> 0 | H6: =IF(COUNTA(A2:A15)<2,"",_xludf.FORECAST.LINEAR(A6,C2:C15,A2:A15)) -> #NAME? | I6: =IF(COUNTA(A2:A15)<2,"",_xludf.FORECAST.LINEAR(A6,D2:D15,A2:A15)) -> #NAME?
A7: 45952 | B7: =SUMIFS('Raw Data'!D:D,'Raw Data'!A:A,A7) -> 0 | C7: =SUMIFS('Raw Data'!E:E,'Raw Data'!A:A,A7) -> 0 | D7: =SUMIFS('Raw Data'!G:G,'Raw Data'!A:A,A7) -> 0 | E7: =SUMIFS('Raw Data'!F:F,'Raw Data'!A:A,A7) -> 0 | F7: =SUMIFS('Raw Data'!H:H,'Raw Data'!A:A,A7) -> 0 | G7: =SUMIFS('Raw Data'!I:I,'Raw Data'!A:A,A7) -> 0 | H7: =IF(COUNTA(A2:A15)<2,"",_xludf.FORECAST.LINEAR(A7,C2:C15,A2:A15)) -> #NAME? | I7: =IF(COUNTA(A2:A15)<2,"",_xludf.FORECAST.LINEAR(A7,D2:D15,A2:A15)) -> #NAME?
A8: 45953 | B8: =SUMIFS('Raw Data'!D:D,'Raw Data'!A:A,A8) -> 0 | C8: =SUMIFS('Raw Data'!E:E,'Raw Data'!A:A,A8) -> 0 | D8: =SUMIFS('Raw Data'!G:G,'Raw Data'!A:A,A8) -> 0 | E8: =SUMIFS('Raw Data'!F:F,'Raw Data'!A:A,A8) -> 0 | F8: =SUMIFS('Raw Data'!H:H,'Raw Data'!A:A,A8) -> 0 | G8: =SUMIFS('Raw Data'!I:I,'Raw Data'!A:A,A8) -> 0 | H8: =IF(COUNTA(A2:A15)<2,"",_xludf.FORECAST.LINEAR(A8,C2:C15,A2:A15)) -> #NAME? | I8: =IF(COUNTA(A2:A15)<2,"",_xludf.FORECAST.LINEAR(A8,D2:D15,A2:A15)) -> #NAME?
A9: 45954 | B9: =SUMIFS('Raw Data'!D:D,'Raw Data'!A:A,A9) -> 0 | C9: =SUMIFS('Raw Data'!E:E,'Raw Data'!A:A,A9) -> 0 | D9: =SUMIFS('Raw Data'!G:G,'Raw Data'!A:A,A9) -> 0 | E9: =SUMIFS('Raw Data'!F:F,'Raw Data'!A:A,A9) -> 0 | F9: =SUMIFS('Raw Data'!H:H,'Raw Data'!A:A,A9) -> 0 | G9: =SUMIFS('Raw Data'!I:I,'Raw Data'!A:A,A9) -> 0 | H9: =IF(COUNTA(A2:A15)<2,"",_xludf.FORECAST.LINEAR(A9,C2:C15,A2:A15)) -> #NAME? | I9: =IF(COUNTA(A2:A15)<2,"",_xludf.FORECAST.LINEAR(A9,D2:D15,A2:A15)) -> #NAME?
A10: 45955 | B10: =SUMIFS('Raw Data'!D:D,'Raw Data'!A:A,A10) -> 0 | C10: =SUMIFS('Raw Data'!E:E,'Raw Data'!A:A,A10) -> 0 | D10: =SUMIFS('Raw Data'!G:G,'Raw Data'!A:A,A10) -> 0 | E10: =SUMIFS('Raw Data'!F:F,'Raw Data'!A:A,A10) -> 0 | F10: =SUMIFS('Raw Data'!H:H,'Raw Data'!A:A,A10) -> 0 | G10: =SUMIFS('Raw Data'!I:I,'Raw Data'!A:A,A10) -> 0 | H10: =IF(COUNTA(A2:A15)<2,"",_xludf.FORECAST.LINEAR(A10,C2:C15,A2:A15)) -> #NAME? | I10: =IF(COUNTA(A2:A15)<2,"",_xludf.FORECAST.LINEAR(A10,D2:D15,A2:A15)) -> #NAME?
A11: 45956 | B11: =SUMIFS('Raw Data'!D:D,'Raw Data'!A:A,A11) -> 0 | C11: =SUMIFS('Raw Data'!E:E,'Raw Data'!A:A,A11) -> 0 | D11: =SUMIFS('Raw Data'!G:G,'Raw Data'!A:A,A11) -> 0 | E11: =SUMIFS('Raw Data'!F:F,'Raw Data'!A:A,A11) -> 0 | F11: =SUMIFS('Raw Data'!H:H,'Raw Data'!A:A,A11) -> 0 | G11: =SUMIFS('Raw Data'!I:I,'Raw Data'!A:A,A11) -> 0 | H11: =IF(COUNTA(A2:A15)<2,"",_xludf.FORECAST.LINEAR(A11,C2:C15,A2:A15)) -> #NAME? | I11: =IF(COUNTA(A2:A15)<2,"",_xludf.FORECAST.LINEAR(A11,D2:D15,A2:A15)) -> #NAME?
A12: 45957 | B12: =SUMIFS('Raw Data'!D:D,'Raw Data'!A:A,A12) -> 0 | C12: =SUMIFS('Raw Data'!E:E,'Raw Data'!A:A,A12) -> 0 | D12: =SUMIFS('Raw Data'!G:G,'Raw Data'!A:A,A12) -> 0 | E12: =SUMIFS('Raw Data'!F:F,'Raw Data'!A:A,A12) -> 0 | F12: =SUMIFS('Raw Data'!H:H,'Raw Data'!A:A,A12) -> 0 | G12: =SUMIFS('Raw Data'!I:I,'Raw Data'!A:A,A12) -> 0 | H12: =IF(COUNTA(A2:A15)<2,"",_xludf.FORECAST.LINEAR(A12,C2:C15,A2:A15)) -> #NAME? | I12: =IF(COUNTA(A2:A15)<2,"",_xludf.FORECAST.LINEAR(A12,D2:D15,A2:A15)) -> #NAME?
A13: 45958 | B13: =SUMIFS('Raw Data'!D:D,'Raw Data'!A:A,A13) -> 0 | C13: =SUMIFS('Raw Data'!E:E,'Raw Data'!A:A,A13) -> 0 | D13: =SUMIFS('Raw Data'!G:G,'Raw Data'!A:A,A13) -> 0 | E13: =SUMIFS('Raw Data'!F:F,'Raw Data'!A:A,A13) -> 0 | F13: =SUMIFS('Raw Data'!H:H,'Raw Data'!A:A,A13) -> 0 | G13: =SUMIFS('Raw Data'!I:I,'Raw Data'!A:A,A13) -> 0 | H13: =IF(COUNTA(A2:A15)<2,"",_xludf.FORECAST.LINEAR(A13,C2:C15,A2:A15)) -> #NAME? | I13: =IF(COUNTA(A2:A15)<2,"",_xludf.FORECAST.LINEAR(A13,D2:D15,A2:A15)) -> #NAME?
A14: 45959 | B14: =SUMIFS('Raw Data'!D:D,'Raw Data'!A:A,A14) -> 0 | C14: =SUMIFS('Raw Data'!E:E,'Raw Data'!A:A,A14) -> 0 | D14: =SUMIFS('Raw Data'!G:G,'Raw Data'!A:A,A14) -> 0 | E14: =SUMIFS('Raw Data'!F:F,'Raw Data'!A:A,A14) -> 0 | F14: =SUMIFS('Raw Data'!H:H,'Raw Data'!A:A,A14) -> 0 | G14: =SUMIFS('Raw Data'!I:I,'Raw Data'!A:A,A14) -> 0 | H14: =IF(COUNTA(A2:A15)<2,"",_xludf.FORECAST.LINEAR(A14,C2:C15,A2:A15)) -> #NAME? | I14: =IF(COUNTA(A2:A15)<2,"",_xludf.FORECAST.LINEAR(A14,D2:D15,A2:A15)) -> #NAME?
A15: 45960 | B15: =SUMIFS('Raw Data'!D:D,'Raw Data'!A:A,A15) -> 0 | C15: =SUMIFS('Raw Data'!E:E,'Raw Data'!A:A,A15) -> 0 | D15: =SUMIFS('Raw Data'!G:G,'Raw Data'!A:A,A15) -> 0 | E15: =SUMIFS('Raw Data'!F:F,'Raw Data'!A:A,A15) -> 0 | F15: =SUMIFS('Raw Data'!H:H,'Raw Data'!A:A,A15) -> 0 | G15: =SUMIFS('Raw Data'!I:I,'Raw Data'!A:A,A15) -> 0 | H15: =IF(COUNTA(A2:A15)<2,"",_xludf.FORECAST.LINEAR(A15,C2:C15,A2:A15)) -> #NAME? | I15: =IF(COUNTA(A2:A15)<2,"",_xludf.FORECAST.LINEAR(A15,D2:D15,A2:A15)) -> #NAME?
A16: 45961 | B16: =SUMIFS('Raw Data'!D:D,'Raw Data'!A:A,A16) -> 0 | C16: =SUMIFS('Raw Data'!E:E,'Raw Data'!A:A,A16) -> 0 | D16: =SUMIFS('Raw Data'!G:G,'Raw Data'!A:A,A16) -> 0 | E16: =SUMIFS('Raw Data'!F:F,'Raw Data'!A:A,A16) -> 0 | F16: =SUMIFS('Raw Data'!H:H,'Raw Data'!A:A,A16) -> 0 | G16: =SUMIFS('Raw Data'!I:I,'Raw Data'!A:A,A16) -> 0 | H16: =IF(COUNTA(A2:A15)<2,"",_xludf.FORECAST.LINEAR(A16,C2:C15,A2:A15)) -> #NAME? | I16: =IF(COUNTA(A2:A15)<2,"",_xludf.FORECAST.LINEAR(A16,D2:D15,A2:A15)) -> #NAME?
A17: 45962 | B17: =SUMIFS('Raw Data'!D:D,'Raw Data'!A:A,A17) -> 0 | C17: =SUMIFS('Raw Data'!E:E,'Raw Data'!A:A,A17) -> 0 | D17: =SUMIFS('Raw Data'!G:G,'Raw Data'!A:A,A17) -> 0 | E17: =SUMIFS('Raw Data'!F:F,'Raw Data'!A:A,A17) -> 0 | F17: =SUMIFS('Raw Data'!H:H,'Raw Data'!A:A,A17) -> 0 | G17: =SUMIFS('Raw Data'!I:I,'Raw Data'!A:A,A17) -> 0 | H17: =IF(COUNTA(A2:A15)<2,"",_xludf.FORECAST.LINEAR(A17,C2:C15,A2:A15)) -> #NAME? | I17: =IF(COUNTA(A2:A15)<2,"",_xludf.FORECAST.LINEAR(A17,D2:D15,A2:A15)) -> #NAME?
A18: 45963 | B18: =SUMIFS('Raw Data'!D:D,'Raw Data'!A:A,A18) -> 0 | C18: =SUMIFS('Raw Data'!E:E,'Raw Data'!A:A,A18) -> 0 | D18: =SUMIFS('Raw Data'!G:G,'Raw Data'!A:A,A18) -> 0 | E18: =SUMIFS('Raw Data'!F:F,'Raw Data'!A:A,A18) -> 0 | F18: =SUMIFS('Raw Data'!H:H,'Raw Data'!A:A,A18) -> 0 | G18: =SUMIFS('Raw Data'!I:I,'Raw Data'!A:A,A18) -> 0 | H18: =IF(COUNTA(A2:A15)<2,"",_xludf.FORECAST.LINEAR(A18,C2:C15,A2:A15)) -> #NAME? | I18: =IF(COUNTA(A2:A15)<2,"",_xludf.FORECAST.LINEAR(A18,D2:D15,A2:A15)) -> #NAME?
A19: 45964 | B19: =SUMIFS('Raw Data'!D:D,'Raw Data'!A:A,A19) -> 0 | C19: =SUMIFS('Raw Data'!E:E,'Raw Data'!A:A,A19) -> 0 | D19: =SUMIFS('Raw Data'!G:G,'Raw Data'!A:A,A19) -> 0 | E19: =SUMIFS('Raw Data'!F:F,'Raw Data'!A:A,A19) -> 0 | F19: =SUMIFS('Raw Data'!H:H,'Raw Data'!A:A,A19) -> 0 | G19: =SUMIFS('Raw Data'!I:I,'Raw Data'!A:A,A19) -> 0 | H19: =IF(COUNTA(A2:A15)<2,"",_xludf.FORECAST.LINEAR(A19,C2:C15,A2:A15)) -> #NAME? | I19: =IF(COUNTA(A2:A15)<2,"",_xludf.FORECAST.LINEAR(A19,D2:D15,A2:A15)) -> #NAME?
A20: 45965 | B20: =SUMIFS('Raw Data'!D:D,'Raw Data'!A:A,A20) -> 0 | C20: =SUMIFS('Raw Data'!E:E,'Raw Data'!A:A,A20) -> 0 | D20: =SUMIFS('Raw Data'!G:G,'Raw Data'!A:A,A20) -> 0 | E20: =SUMIFS('Raw Data'!F:F,'Raw Data'!A:A,A20) -> 0 | F20: =SUMIFS('Raw Data'!H:H,'Raw Data'!A:A,A20) -> 0 | G20: =SUMIFS('Raw Data'!I:I,'Raw Data'!A:A,A20) -> 0 | H20: =IF(COUNTA(A2:A15)<2,"",_xludf.FORECAST.LINEAR(A20,C2:C15,A2:A15)) -> #NAME? | I20: =IF(COUNTA(A2:A15)<2,"",_xludf.FORECAST.LINEAR(A20,D2:D15,A2:A15)) -> #NAME?
A21: 45966 | B21: =SUMIFS('Raw Data'!D:D,'Raw Data'!A:A,A21) -> 0 | C21: =SUMIFS('Raw Data'!E:E,'Raw Data'!A:A,A21) -> 0 | D21: =SUMIFS('Raw Data'!G:G,'Raw Data'!A:A,A21) -> 0 | E21: =SUMIFS('Raw Data'!F:F,'Raw Data'!A:A,A21) -> 0 | F21: =SUMIFS('Raw Data'!H:H,'Raw Data'!A:A,A21) -> 0 | G21: =SUMIFS('Raw Data'!I:I,'Raw Data'!A:A,A21) -> 0 | H21: =IF(COUNTA(A2:A15)<2,"",_xludf.FORECAST.LINEAR(A21,C2:C15,A2:A15)) -> #NAME? | I21: =IF(COUNTA(A2:A15)<2,"",_xludf.FORECAST.LINEAR(A21,D2:D15,A2:A15)) -> #NAME?
A22: 45967 | B22: =SUMIFS('Raw Data'!D:D,'Raw Data'!A:A,A22) -> 0 | C22: =SUMIFS('Raw Data'!E:E,'Raw Data'!A:A,A22) -> 0 | D22: =SUMIFS('Raw Data'!G:G,'Raw Data'!A:A,A22) -> 0 | E22: =SUMIFS('Raw Data'!F:F,'Raw Data'!A:A,A22) -> 0 | F22: =SUMIFS('Raw Data'!H:H,'Raw Data'!A:A,A22) -> 0 | G22: =SUMIFS('Raw Data'!I:I,'Raw Data'!A:A,A22) -> 0 | H22: =IF(COUNTA(A2:A15)<2,"",_xludf.FORECAST.LINEAR(A22,C2:C15,A2:A15)) -> #NAME? | I22: =IF(COUNTA(A2:A15)<2,"",_xludf.FORECAST.LINEAR(A22,D2:D15,A2:A15)) -> #NAME?
A23: 45968 | B23: =SUMIFS('Raw Data'!D:D,'Raw Data'!A:A,A23) -> 60000 | C23: =SUMIFS('Raw Data'!E:E,'Raw Data'!A:A,A23) -> 300 | D23: =SUMIFS('Raw Data'!G:G,'Raw Data'!A:A,A23) -> 146 | E23: =SUMIFS('Raw Data'!F:F,'Raw Data'!A:A,A23) -> 17000 | F23: =SUMIFS('Raw Data'!H:H,'Raw Data'!A:A,A23) -> 2 | G23: =SUMIFS('Raw Data'!I:I,'Raw Data'!A:A,A23) -> 200000 | H23: =IF(COUNTA(A2:A15)<2,"",_xludf.FORECAST.LINEAR(A23,C2:C15,A2:A15)) -> #NAME? | I23: =IF(COUNTA(A2:A15)<2,"",_xludf.FORECAST.LINEAR(A23,D2:D15,A2:A15)) -> #NAME?
A24: 45969 | B24: =SUMIFS('Raw Data'!D:D,'Raw Data'!A:A,A24) -> 0 | C24: =SUMIFS('Raw Data'!E:E,'Raw Data'!A:A,A24) -> 0 | D24: =SUMIFS('Raw Data'!G:G,'Raw Data'!A:A,A24) -> 0 | E24: =SUMIFS('Raw Data'!F:F,'Raw Data'!A:A,A24) -> 0 | F24: =SUMIFS('Raw Data'!H:H,'Raw Data'!A:A,A24) -> 0 | G24: =SUMIFS('Raw Data'!I:I,'Raw Data'!A:A,A24) -> 0 | H24: =IF(COUNTA(A2:A15)<2,"",_xludf.FORECAST.LINEAR(A24,C2:C15,A2:A15)) -> #NAME? | I24: =IF(COUNTA(A2:A15)<2,"",_xludf.FORECAST.LINEAR(A24,D2:D15,A2:A15)) -> #NAME?
A25: 45970 | B25: =SUMIFS('Raw Data'!D:D,'Raw Data'!A:A,A25) -> 0 | C25: =SUMIFS('Raw Data'!E:E,'Raw Data'!A:A,A25) -> 0 | D25: =SUMIFS('Raw Data'!G:G,'Raw Data'!A:A,A25) -> 0 | E25: =SUMIFS('Raw Data'!F:F,'Raw Data'!A:A,A25) -> 0 | F25: =SUMIFS('Raw Data'!H:H,'Raw Data'!A:A,A25) -> 0 | G25: =SUMIFS('Raw Data'!I:I,'Raw Data'!A:A,A25) -> 0 | H25: =IF(COUNTA(A2:A15)<2,"",_xludf.FORECAST.LINEAR(A25,C2:C15,A2:A15)) -> #NAME? | I25: =IF(COUNTA(A2:A15)<2,"",_xludf.FORECAST.LINEAR(A25,D2:D15,A2:A15)) -> #NAME?
A26: 45971 | B26: =SUMIFS('Raw Data'!D:D,'Raw Data'!A:A,A26) -> 0 | C26: =SUMIFS('Raw Data'!E:E,'Raw Data'!A:A,A26) -> 0 | D26: =SUMIFS('Raw Data'!G:G,'Raw Data'!A:A,A26) -> 0 | E26: =SUMIFS('Raw Data'!F:F,'Raw Data'!A:A,A26) -> 0 | F26: =SUMIFS('Raw Data'!H:H,'Raw Data'!A:A,A26) -> 0 | G26: =SUMIFS('Raw Data'!I:I,'Raw Data'!A:A,A26) -> 0 | H26: =IF(COUNTA(A2:A15)<2,"",_xludf.FORECAST.LINEAR(A26,C2:C15,A2:A15)) -> #NAME? | I26: =IF(COUNTA(A2:A15)<2,"",_xludf.FORECAST.LINEAR(A26,D2:D15,A2:A15)) -> #NAME?
A27: 45972 | B27: =SUMIFS('Raw Data'!D:D,'Raw Data'!A:A,A27) -> 0 | C27: =SUMIFS('Raw Data'!E:E,'Raw Data'!A:A,A27) -> 0 | D27: =SUMIFS('Raw Data'!G:G,'Raw Data'!A:A,A27) -> 0 | E27: =SUMIFS('Raw Data'!F:F,'Raw Data'!A:A,A27) -> 0 | F27: =SUMIFS('Raw Data'!H:H,'Raw Data'!A:A,A27) -> 0 | G27: =SUMIFS('Raw Data'!I:I,'Raw Data'!A:A,A27) -> 0 | H27: =IF(COUNTA(A2:A15)<2,"",_xludf.FORECAST.LINEAR(A27,C2:C15,A2:A15)) -> #NAME? | I27: =IF(COUNTA(A2:A15)<2,"",_xludf.FORECAST.LINEAR(A27,D2:D15,A2:A15)) -> #NAME?
A28: 45973 | B28: =SUMIFS('Raw Data'!D:D,'Raw Data'!A:A,A28) -> 0 | C28: =SUMIFS('Raw Data'!E:E,'Raw Data'!A:A,A28) -> 0 | D28: =SUMIFS('Raw Data'!G:G,'Raw Data'!A:A,A28) -> 0 | E28: =SUMIFS('Raw Data'!F:F,'Raw Data'!A:A,A28) -> 0 | F28: =SUMIFS('Raw Data'!H:H,'Raw Data'!A:A,A28) -> 0 | G28: =SUMIFS('Raw Data'!I:I,'Raw Data'!A:A,A28) -> 0 | H28: =IF(COUNTA(A2:A15)<2,"",_xludf.FORECAST.LINEAR(A28,C2:C15,A2:A15)) -> #NAME? | I28: =IF(COUNTA(A2:A15)<2,"",_xludf.FORECAST.LINEAR(A28,D2:D15,A2:A15)) -> #NAME?
A29: 45974 | B29: =SUMIFS('Raw Data'!D:D,'Raw Data'!A:A,A29) -> 0 | C29: =SUMIFS('Raw Data'!E:E,'Raw Data'!A:A,A29) -> 0 | D29: =SUMIFS('Raw Data'!G:G,'Raw Data'!A:A,A29) -> 0 | E29: =SUMIFS('Raw Data'!F:F,'Raw Data'!A:A,A29) -> 0 | F29: =SUMIFS('Raw Data'!H:H,'Raw Data'!A:A,A29) -> 0 | G29: =SUMIFS('Raw Data'!I:I,'Raw Data'!A:A,A29) -> 0 | H29: =IF(COUNTA(A2:A15)<2,"",_xludf.FORECAST.LINEAR(A29,C2:C15,A2:A15)) -> #NAME? | I29: =IF(COUNTA(A2:A15)<2,"",_xludf.FORECAST.LINEAR(A29,D2:D15,A2:A15)) -> #NAME?
A30: 45975 | B30: =SUMIFS('Raw Data'!D:D,'Raw Data'!A:A,A30) -> 0 | C30: =SUMIFS('Raw Data'!E:E,'Raw Data'!A:A,A30) -> 0 | D30: =SUMIFS('Raw Data'!G:G,'Raw Data'!A:A,A30) -> 0 | E30: =SUMIFS('Raw Data'!F:F,'Raw Data'!A:A,A30) -> 0 | F30: =SUMIFS('Raw Data'!H:H,'Raw Data'!A:A,A30) -> 0 | G30: =SUMIFS('Raw Data'!I:I,'Raw Data'!A:A,A30) -> 0 | H30: =IF(COUNTA(A2:A15)<2,"",_xludf.FORECAST.LINEAR(A30,C2:C15,A2:A15)) -> #NAME? | I30: =IF(COUNTA(A2:A15)<2,"",_xludf.FORECAST.LINEAR(A30,D2:D15,A2:A15)) -> #NAME?
A31: 45976 | B31: =SUMIFS('Raw Data'!D:D,'Raw Data'!A:A,A31) -> 0 | C31: =SUMIFS('Raw Data'!E:E,'Raw Data'!A:A,A31) -> 0 | D31: =SUMIFS('Raw Data'!G:G,'Raw Data'!A:A,A31) -> 0 | E31: =SUMIFS('Raw Data'!F:F,'Raw Data'!A:A,A31) -> 0 | F31: =SUMIFS('Raw Data'!H:H,'Raw Data'!A:A,A31) -> 0 | G31: =SUMIFS('Raw Data'!I:I,'Raw Data'!A:A,A31) -> 0 | H31: =IF(COUNTA(A2:A15)<2,"",_xludf.FORECAST.LINEAR(A31,C2:C15,A2:A15)) -> #NAME? | I31: =IF(COUNTA(A2:A15)<2,"",_xludf.FORECAST.LINEAR(A31,D2:D15,A2:A15)) -> #NAME?

Sheet Channel Performance
A1: Channel | B1: Impressions | C1: Clicks | D1: Cost | E1: Leads | F1: Conversions | G1: Revenue | H1: CPC | I1: CPL | J1: CPA | K1: ROI
A2: Google Ads | B2: =SUMIF('Raw Data'!C:C,A2,'Raw Data'!D:D) -> 0 | C2: =SUMIF('Raw Data'!C:C,A2,'Raw Data'!E:E) -> 0 | D2: =SUMIF('Raw Data'!C:C,A2,'Raw Data'!F:F) -> 0 | E2: =SUMIF('Raw Data'!C:C,A2,'Raw Data'!G:G) -> 0 | F2: =SUMIF('Raw Data'!C:C,A2,'Raw Data'!H:H) -> 0 | G2: =SUMIF('Raw Data'!C:C,A2,'Raw Data'!I:I) -> 0 | H2: =IF(B2=0,0,D2/B2) -> 0 | I2: =IF(E2=0,0,D2/E2) -> 0 | J2: =IF(F2=0,0,D2/F2) -> 0 | K2: =IF(D2=0,0,(G2-D2)/D2) -> 0
A3: Meta Ads | B3: =SUMIF('Raw Data'!C:C,A3,'Raw Data'!D:D) -> 60000 | C3: =SUMIF('Raw Data'!C:C,A3,'Raw Data'!E:E) -> 300 | D3: =SUMIF('Raw Data'!C:C,A3,'Raw Data'!F:F) -> 17000 | E3: =SUMIF('Raw Data'!C:C,A3,'Raw Data'!G:G) -> 146 | F3: =SUMIF('Raw Data'!C:C,A3,'Raw Data'!H:H) -> 2 | G3: =SUMIF('Raw Data'!C:C,A3,'Raw Data'!I:I) -> 200000 | H3: =IF(B3=0,0,D3/B3) -> 0.28333333 | I3: =IF(E3=0,0,D3/E3) -> 116.43836 | J3: =IF(F3=0,0,D3/F3) -> 8500 | K3: =IF(D3=0,0,(G3-D3)/D3) -> 10.764706
A4: LinkedIn | B4: =SUMIF('Raw Data'!C:C,A4,'Raw Data'!D:D) -> 0 | C4: =SUMIF('Raw Data'!C:C,A4,'Raw Data'!E:E) -> 0 | D4: =SUMIF('Raw Data'!C:C,A4,'Raw Data'!F:F) -> 0 | E4: =SUMIF('Raw Data'!C:C,A4,'Raw Data'!G:G) -> 0 | F4: =SUMIF('Raw Data'!C:C,A4,'Raw Data'!H:H) -> 0 | G4: =SUMIF('Raw Data'!C:C,A4,'Raw Data'!I:I) -> 0 | H4: =IF(B4=0,0,D4/B4) -> 0 | I4: =IF(E4=0,0,D4/E4) -> 0 | J4: =IF(F4=0,0,D4/F4) -> 0 | K4: =IF(D4=0,0,(G4-D4)/D4) -> 0
A5: Email | B5: =SUMIF('Raw Data'!C:C,A5,'Raw Data'!D:D) -> 0 | C5: =SUMIF('Raw Data'!C:C,A5,'Raw Data'!E:E) -> 0 | D5: =SUMIF('Raw Data'!C:C,A5,'Raw Data'!F:F) -> 0 | E5: =SUMIF('Raw Data'!C:C,A5,'Raw Data'!G:G) -> 0 | F5: =SUMIF('Raw Data'!C:C,A5,'Raw Data'!H:H) -> 0 | G5: =SUMIF('Raw Data'!C:C,A5,'Raw Data'!I:I) -> 0 | H5: =IF(B5=0,0,D5/B5) -> 0 | I5: =IF(E5=0,0,D5/E5) -> 0 | J5: =IF(F5=0,0,D5/F5) -> 0 | K5: =IF(D5=0,0,(G5-D5)/D5) -> 0
A6: Organic | B6: =SUMIF('Raw Data'!C:C,A6,'Raw Data'!D:D) -> 0 | C6: =SUMIF('Raw Data'!C:C,A6,'Raw Data'!E:E) -> 0 | D6: =SUMIF('Raw Data'!C:C,A6,'Raw Data'!F:F) -> 0 | E6: =SUMIF('Raw Data'!C:C,A6,'Raw Data'!G:G) -> 0 | F6: =SUMIF('Raw Data'!C:C,A6,'Raw Data'!H:H) -> 0 | G6: =SUMIF('Raw Data'!C:C,A6,'Raw Data'!I:I) -> 0 | H6: =IF(B6=0,0,D6/B6) -> 0 | I6: =IF(E6=0,0,D6/E6) -> 0 | J6: =IF(F6=0,0,D6/F6) -> 0 | K6: =IF(D6=0,0,(G6-D6)/D6) -> 0
A7: Referral | B7: =SUMIF('Raw Data'!C:C,A7,'Raw Data'!D:D) -> 0 | C7: =SUMIF('Raw Data'!C:C,A7,'Raw Data'!E:E) -> 0 | D7: =SUMIF('Raw Data'!C:C,A7,'Raw Data'!F:F) -> 0 | E7: =SUMIF('Raw Data'!C:C,A7,'Raw Data'!G:G) -> 0 | F7: =SUMIF('Raw Data'!C:C,A7,'Raw Data'!H:H) -> 0 | G7: =SUMIF('Raw Data'!C:C,A7,'Raw Data'!I:I) -> 0 | H7: =IF(B7=0,0,D7/B7) -> 0 | I7: =IF(E7=0,0,D7/E7) -> 0 | J7: =IF(F7=0,0,D7/F7) -> 0 | K7: =IF(D7=0,0,(G7-D7)/D7) -> 0
A8: Display | B8: =SUMIF('Raw Data'!C:C,A8,'Raw Data'!D:D) -> 0 | C8: =SUMIF('Raw Data'!C:C,A8,'Raw Data'!E:E) -> 0 | D8: =SUMIF('Raw Data'!C:C,A8,'Raw Data'!F:F) -> 0 | E8: =SUMIF('Raw Data'!C:C,A8,'Raw Data'!G:G) -> 0 | F8: =SUMIF('Raw Data'!C:C,A8,'Raw Data'!H:H) -> 0 | G8: =SUMIF('Raw Data'!C:C,A8,'Raw Data'!I:I) -> 0 | H8: =IF(B8=0,0,D8/B8) -> 0 | I8: =IF(E8=0,0,D8/E8) -> 0 | J8: =IF(F8=0,0,D8/F8) -> 0 | K8: =IF(D8=0,0,(G8-D8)/D8) -> 0

Sheet Dashboard
A1: Campaign Dashboard
A3: Total Impressions: | B3: =Overview!B2 -> 0
A4: Total Clicks: | B4: =Overview!B3 -> Total Clicks
A5: Total Cost: | B5: =Overview!B4 -> 300
A6: Total Leads: | B6: =Overview!B5 -> 0
A7: CPC: | B7: =Overview!B8 -> 0
A8: CPL: | B8: =Overview!B9 -> CPA

Sheet How to - Pivot & Slicers
A1: Manual Steps to add Pivot Table & Slicers in Excel
A2: 1. Select your Raw Data range (including headers).
A3: 2. Insert -> PivotTable -> New Worksheet or Existing Worksheet.
A4: 3. Add fields: Rows: Channel/Campaign, Values: Sum of Impressions/Clicks/Cost/Leads.
A5: 4. To add Slicers: Click inside PivotTable -> PivotTable Analyze -> Insert Slicer -> select Channel and Date.
A6: Notes: Creating pivot tables & slicers programmatically is limited in openpyxl. The file provides pivot-ready summaries and formula-driven tables; please follow steps above to create native Excel pivots & slicers.
