Workbook

Sheet Overview
A1: Category | B1: Tool Example (India) | C1: Use Case | D1: Adoption Readiness | E1: Integration Required | F1: Cost Consideration | G1: Comments
A2: CRM | B2: Zoho CRM / LeadSquared | C2: Lead management, workflows | F2: Low–Medium
A3: Marketing Automation | B3: Netcore / WebEngage | C3: Journeys, email, SMS, WhatsApp | F3: Medium
A4: CDP / CEP | B4: MoEngage / Netcore 360 | C4: Unified profiles & segmentation | F4: Medium–High
A5: Email Marketing | B5: Netcore / Mailchimp India | C5: Newsletters & campaigns | F5: Low
A6: WhatsApp Marketing | B6: Gupshup / Kaleyra / Interakt | C6: WA automation | F6: Medium
A7: Landing Pages | B7: Unbounce / Webflow / WordPress | C7: Lead gen pages | F7: Low
A8: Analytics | B8: GA4 / Mixpanel | C8: Behavior & attribution | F8: Low
A9: Ad Platforms | B9: Meta Ads / Google Ads | C9: Performance marketing | F9: Medium–High
A10: Tag Management | B10: Google Tag Manager | C10: Event setup | F10: Low
A11: Call Tracking | B11: Exotel / Knowlarity | C11: Lead routing & recording | F11: Medium
A12: Data Visualization | B12: Looker Studio / Power BI | C12: Dashboards | F12: Low–Medium

Sheet CRM Comparison
A1: CRM Tool | B1: Indian Relevance | C1: Features | D1: Ease of Use (1-5) | E1: Integration Score (1-5) | F1: Pricing Score (1-5) | G1: Total Score (=AVERAGE)
A2: Zoho CRM | B2: High | C2: Workflows, automation, APIs | G2: =AVERAGE(D2:F2) -> #DIV/0!
A3: LeadSquared | B3: Very High | C3: Sales execution CRM, strong in India | G3: =AVERAGE(D3:F3) -> #DIV/0!
A4: HubSpot | B4: Medium | C4: Inbound CRM, automation | G4: =AVERAGE(D4:F4) -> #DIV/0!

Sheet CDP Comparison
A1: CDP/CEP Tool | B1: Strength in India | C1: Identity Resolution | D1: Segmentation | E1: Channels Supported | F1: Integration Score (1-5)
A2: Netcore Customer 360 | B2: High | C2: Yes | D2: Advanced | E2: Email, SMS, WA, Push
A3: MoEngage | B3: High | C3: Yes | D3: Advanced | E3: App Push, WA, Email
A4: WebEngage | B4: High | C4: Yes | D4: Strong | E4: Email, SMS, WA, Push

Sheet Cost Matrix
A1: Category | B1: Tool | C1: Approx Cost (₹/month) | D1: Ideal For
A2: CRM | B2: Zoho CRM | C2: 1500–3000 | D2: SMBs, real estate
A3: CRM | B3: LeadSquared | C3: 3000–10000 | D3: Real estate, BFSI
A4: Marketing Automation | B4: Netcore | C4: Custom | D4: Enterprise
A5: Marketing Automation | B5: WebEngage | C5: 25000+ | D5: Growth stage brands
A6: WhatsApp API | B6: Gupshup | C6: ₹0.20–0.60/msg | D6: All
A7: Analytics | B7: GA4 | C7: Free | D7: All
A8: Call Tracking | B8: Exotel | C8: 2000–8000 | D8: Sales teams

Sheet Audit Framework
A7: Category | B7: Current Tool | C7: Score: Capability (1-5) | D7: Score: Integration (1-5) | E7: Score: ROI (1-5) | F7: Weighted Score | G7: Comments
A8: CRM | B8: Zoho CRM | C8: 4 | D8: 4 | E8: 3 | F8: =AVERAGE(C8:E8) -> 3.6666667 | G8: Good for SMBs
A9: Marketing Automation | B9: Netcore | C9: 3 | D9: 3 | E9: 3 | F9: =AVERAGE(C9:E9) -> 3 | G9: Need integration
A10: CDP | B10: MoEngage | C10: 3 | D10: 4 | E10: 3 | F10: =AVERAGE(C10:E10) -> 3.3333333 | G10: Strong segmentation
A11: Analytics | B11: GA4 / Mixpanel | C11: 4 | D11: 3 | E11: 4 | F11: =AVERAGE(C11:E11) -> 3.6666667 | G11: Analytics maturity ok
A12: WhatsApp/Comm | B12: Gupshup / Exotel | C12: 3 | D12: 3 | E12: 2 | F12: =AVERAGE(C12:E12) -> 2.6666667 | G12: Messaging costs

Sheet Maturity Model
A1: Maturity Level | B1: Score Range (avg) | C1: Numeric Value
A2: Ad-hoc | B2: 1.0 - 1.9 | C2: 1
A3: Emerging | B3: 2.0 - 2.9 | C3: 2
A4: Defined | B4: 3.0 - 3.9 | C4: 3
A5: Managed | B5: 4.0 - 4.4 | C5: 4
A6: Optimized | B6: 4.5 - 5.0 | C6: 5
A8: Category | B8: Weighted Score (Audit) | C8: Maturity Level (Rounded) | D8: Maturity Label (Lookup)
A9: CRM | B9: ='Audit Framework'!F2 -> 0 | C9: =ROUND('Audit Framework'!F2,0) -> 0 | D9: =IF(ROUND('Audit Framework'!F2,0)=1,"Ad-hoc",IF(ROUND('Audit Framework'!F2,0)=2,"Emerging",IF(ROUND('Audit Framework'!F2,0)=3,"Defined",IF(ROUND('Audit Framework'!F2,0)=4,"Managed","Optimized")))) -> Optimized
A10: Marketing Automation | B10: ='Audit Framework'!F3 -> 0 | C10: =ROUND('Audit Framework'!F3,0) -> 0 | D10: =IF(ROUND('Audit Framework'!F3,0)=1,"Ad-hoc",IF(ROUND('Audit Framework'!F3,0)=2,"Emerging",IF(ROUND('Audit Framework'!F3,0)=3,"Defined",IF(ROUND('Audit Framework'!F3,0)=4,"Managed","Optimized")))) -> Optimized
A11: CDP | B11: ='Audit Framework'!F4 -> 0 | C11: =ROUND('Audit Framework'!F4,0) -> 0 | D11: =IF(ROUND('Audit Framework'!F4,0)=1,"Ad-hoc",IF(ROUND('Audit Framework'!F4,0)=2,"Emerging",IF(ROUND('Audit Framework'!F4,0)=3,"Defined",IF(ROUND('Audit Framework'!F4,0)=4,"Managed","Optimized")))) -> Optimized
A12: Analytics | B12: ='Audit Framework'!F5 -> 0 | C12: =ROUND('Audit Framework'!F5,0) -> 0 | D12: =IF(ROUND('Audit Framework'!F5,0)=1,"Ad-hoc",IF(ROUND('Audit Framework'!F5,0)=2,"Emerging",IF(ROUND('Audit Framework'!F5,0)=3,"Defined",IF(ROUND('Audit Framework'!F5,0)=4,"Managed","Optimized")))) -> Optimized
A13: WhatsApp/Comm | B13: ='Audit Framework'!F6 -> 0 | C13: =ROUND('Audit Framework'!F6,0) -> 0 | D13: =IF(ROUND('Audit Framework'!F6,0)=1,"Ad-hoc",IF(ROUND('Audit Framework'!F6,0)=2,"Emerging",IF(ROUND('Audit Framework'!F6,0)=3,"Defined",IF(ROUND('Audit Framework'!F6,0)=4,"Managed","Optimized")))) -> Optimized
A15: Overall Maturity (Avg Weighted Score) | B15: =AVERAGE('Audit Framework'!F8:F12) -> 3.2666667
A16: Overall Maturity Label | B16: =IF(ROUND(B15,0)=1,"Ad-hoc",IF(ROUND(B15,0)=2,"Emerging",IF(ROUND(B15,0)=3,"Defined",IF(ROUND(B15,0)=4,"Managed","Optimized")))) -> Defined

Sheet Dashboard
A1: MarTech Assessment Dashboard
A2: Category | B2: Weighted Score
A3: CRM | B3: ='Audit Framework'!F8 -> 3.6666667
A4: Marketing Automation | B4: ='Audit Framework'!F9 -> 3
A5: CDP | B5: ='Audit Framework'!F10 -> 3.3333333
A6: Analytics | B6: ='Audit Framework'!F11 -> 3.6666667
A7: WhatsApp/Comm | B7: ='Audit Framework'!F12 -> 2.6666667
A9: Category | B9: Rounded Maturity
A10: CRM | B10: =ROUND('Audit Framework'!F8,0) -> 4
A11: Marketing Automation | B11: =ROUND('Audit Framework'!F9,0) -> 3
A12: CDP | B12: =ROUND('Audit Framework'!F10,0) -> 3
A13: Analytics | B13: =ROUND('Audit Framework'!F11,0) -> 4
A14: WhatsApp/Comm | B14: =ROUND('Audit Framework'!F12,0) -> 3
A16: Maturity Level (1-5) | B16: Count
A17: 1 | B17: =COUNTIF(B10:B14,1) -> 0
A18: 2 | B18: =COUNTIF(B10:B14,2) -> 0
A19: 3 | B19: =COUNTIF(B10:B14,3) -> 3
A20: 4 | B20: =COUNTIF(B10:B14,4) -> 2
A21: 5 | B21: =COUNTIF(B10:B14,5) -> 0
